{
  "hash": "3a3e49de",
  "configHash": "48a6cb58",
  "lockfileHash": "c9a118e2",
  "browserHash": "fe089c30",
  "optimized": {
    "@angular/common": {
      "src": "../../../../../../node_modules/@angular/common/fesm2022/common.mjs",
      "file": "@angular_common.js",
      "fileHash": "dc0da7ec",
      "needsInterop": false
    },
    "@angular/common/http": {
      "src": "../../../../../../node_modules/@angular/common/fesm2022/http.mjs",
      "file": "@angular_common_http.js",
      "fileHash": "9bf758a3",
      "needsInterop": false
    },
    "@angular/common/locales/en": {
      "src": "../../../../../../node_modules/@angular/common/locales/en.mjs",
      "file": "@angular_common_locales_en.js",
      "fileHash": "b8d6daae",
      "needsInterop": false
    },
    "@angular/core": {
      "src": "../../../../../../node_modules/@angular/core/fesm2022/core.mjs",
      "file": "@angular_core.js",
      "fileHash": "fdb89f22",
      "needsInterop": false
    },
    "@angular/forms": {
      "src": "../../../../../../node_modules/@angular/forms/fesm2022/forms.mjs",
      "file": "@angular_forms.js",
      "fileHash": "9103d5d8",
      "needsInterop": false
    },
    "@angular/platform-browser": {
      "src": "../../../../../../node_modules/@angular/platform-browser/fesm2022/platform-browser.mjs",
      "file": "@angular_platform-browser.js",
      "fileHash": "d0f49ac1",
      "needsInterop": false
    },
    "@angular/platform-browser/animations/async": {
      "src": "../../../../../../node_modules/@angular/platform-browser/fesm2022/animations/async.mjs",
      "file": "@angular_platform-browser_animations_async.js",
      "fileHash": "dadec259",
      "needsInterop": false
    },
    "@angular/router": {
      "src": "../../../../../../node_modules/@angular/router/fesm2022/router.mjs",
      "file": "@angular_router.js",
      "fileHash": "aabe0a50",
      "needsInterop": false
    },
    "@ant-design/icons-angular/icons": {
      "src": "../../../../../../node_modules/@ant-design/icons-angular/fesm2022/ant-design-icons-angular-icons.mjs",
      "file": "@ant-design_icons-angular_icons.js",
      "fileHash": "29072b42",
      "needsInterop": false
    },
    "ng-zorro-antd/i18n": {
      "src": "../../../../../../node_modules/ng-zorro-antd/fesm2022/ng-zorro-antd-i18n.mjs",
      "file": "ng-zorro-antd_i18n.js",
      "fileHash": "27ddc7f0",
      "needsInterop": false
    },
    "ng-zorro-antd/icon": {
      "src": "../../../../../../node_modules/ng-zorro-antd/fesm2022/ng-zorro-antd-icon.mjs",
      "file": "ng-zorro-antd_icon.js",
      "fileHash": "0c4e38a0",
      "needsInterop": false
    },
    "ng-zorro-antd/layout": {
      "src": "../../../../../../node_modules/ng-zorro-antd/fesm2022/ng-zorro-antd-layout.mjs",
      "file": "ng-zorro-antd_layout.js",
      "fileHash": "f4d85b60",
      "needsInterop": false
    },
    "ng-zorro-antd/menu": {
      "src": "../../../../../../node_modules/ng-zorro-antd/fesm2022/ng-zorro-antd-menu.mjs",
      "file": "ng-zorro-antd_menu.js",
      "fileHash": "1bc47e69",
      "needsInterop": false
    }
  },
  "chunks": {
    "browser-WCEMMXTY": {
      "file": "browser-WCEMMXTY.js"
    },
    "chunk-BSG5FS7F": {
      "file": "chunk-BSG5FS7F.js"
    },
    "chunk-STQPLNTX": {
      "file": "chunk-STQPLNTX.js"
    },
    "chunk-EXHBDCCW": {
      "file": "chunk-EXHBDCCW.js"
    },
    "chunk-IAKDBJQ6": {
      "file": "chunk-IAKDBJQ6.js"
    },
    "chunk-ELZW3FO3": {
      "file": "chunk-ELZW3FO3.js"
    },
    "chunk-2SJ2DHYL": {
      "file": "chunk-2SJ2DHYL.js"
    },
    "chunk-7IZA5DSI": {
      "file": "chunk-7IZA5DSI.js"
    },
    "chunk-MZI5CNUD": {
      "file": "chunk-MZI5CNUD.js"
    },
    "chunk-U5R4ADIY": {
      "file": "chunk-U5R4ADIY.js"
    },
    "chunk-7GX5645L": {
      "file": "chunk-7GX5645L.js"
    },
    "chunk-WDMUDEB6": {
      "file": "chunk-WDMUDEB6.js"
    }
  }
}