{
  "hash": "3eac5728",
  "configHash": "62c173f8",
  "lockfileHash": "c9a118e2",
  "browserHash": "0ed2b5d8",
  "optimized": {
    "@angular/common": {
      "src": "../../../../../../node_modules/@angular/common/fesm2022/common.mjs",
      "file": "@angular_common.js",
      "fileHash": "d0459a1b",
      "needsInterop": false
    },
    "@angular/common/http": {
      "src": "../../../../../../node_modules/@angular/common/fesm2022/http.mjs",
      "file": "@angular_common_http.js",
      "fileHash": "513cbc3e",
      "needsInterop": false
    },
    "@angular/common/locales/en": {
      "src": "../../../../../../node_modules/@angular/common/locales/en.mjs",
      "file": "@angular_common_locales_en.js",
      "fileHash": "b5949213",
      "needsInterop": false
    },
    "@angular/core": {
      "src": "../../../../../../node_modules/@angular/core/fesm2022/core.mjs",
      "file": "@angular_core.js",
      "fileHash": "175835c6",
      "needsInterop": false
    },
    "@angular/forms": {
      "src": "../../../../../../node_modules/@angular/forms/fesm2022/forms.mjs",
      "file": "@angular_forms.js",
      "fileHash": "36ff1de6",
      "needsInterop": false
    },
    "@angular/platform-browser": {
      "src": "../../../../../../node_modules/@angular/platform-browser/fesm2022/platform-browser.mjs",
      "file": "@angular_platform-browser.js",
      "fileHash": "d7c321ba",
      "needsInterop": false
    },
    "@angular/platform-browser/animations/async": {
      "src": "../../../../../../node_modules/@angular/platform-browser/fesm2022/animations/async.mjs",
      "file": "@angular_platform-browser_animations_async.js",
      "fileHash": "7e4b6b96",
      "needsInterop": false
    },
    "@angular/platform-server": {
      "src": "../../../../../../node_modules/@angular/platform-server/fesm2022/platform-server.mjs",
      "file": "@angular_platform-server.js",
      "fileHash": "266cc2ed",
      "needsInterop": false
    },
    "@angular/router": {
      "src": "../../../../../../node_modules/@angular/router/fesm2022/router.mjs",
      "file": "@angular_router.js",
      "fileHash": "c22e14f3",
      "needsInterop": false
    },
    "@angular/ssr": {
      "src": "../../../../../../node_modules/@angular/ssr/fesm2022/ssr.mjs",
      "file": "@angular_ssr.js",
      "fileHash": "572ff6be",
      "needsInterop": false
    },
    "@angular/ssr/node": {
      "src": "../../../../../../node_modules/@angular/ssr/fesm2022/node.mjs",
      "file": "@angular_ssr_node.js",
      "fileHash": "de8e441a",
      "needsInterop": false
    },
    "@ant-design/icons-angular/icons": {
      "src": "../../../../../../node_modules/@ant-design/icons-angular/fesm2022/ant-design-icons-angular-icons.mjs",
      "file": "@ant-design_icons-angular_icons.js",
      "fileHash": "91edc859",
      "needsInterop": false
    },
    "express": {
      "src": "../../../../../../node_modules/express/index.js",
      "file": "express.js",
      "fileHash": "8d2b2f38",
      "needsInterop": true
    },
    "ng-zorro-antd/i18n": {
      "src": "../../../../../../node_modules/ng-zorro-antd/fesm2022/ng-zorro-antd-i18n.mjs",
      "file": "ng-zorro-antd_i18n.js",
      "fileHash": "eb873f45",
      "needsInterop": false
    },
    "ng-zorro-antd/icon": {
      "src": "../../../../../../node_modules/ng-zorro-antd/fesm2022/ng-zorro-antd-icon.mjs",
      "file": "ng-zorro-antd_icon.js",
      "fileHash": "7c863bda",
      "needsInterop": false
    },
    "ng-zorro-antd/layout": {
      "src": "../../../../../../node_modules/ng-zorro-antd/fesm2022/ng-zorro-antd-layout.mjs",
      "file": "ng-zorro-antd_layout.js",
      "fileHash": "74c58d42",
      "needsInterop": false
    },
    "ng-zorro-antd/menu": {
      "src": "../../../../../../node_modules/ng-zorro-antd/fesm2022/ng-zorro-antd-menu.mjs",
      "file": "ng-zorro-antd_menu.js",
      "fileHash": "bafcf42d",
      "needsInterop": false
    }
  },
  "chunks": {
    "browser-3RE2NM7V": {
      "file": "browser-3RE2NM7V.js"
    },
    "xhr2-TXIMV6CV": {
      "file": "xhr2-TXIMV6CV.js"
    },
    "chunk-5ZVHCFSA": {
      "file": "chunk-5ZVHCFSA.js"
    },
    "chunk-G7AK36MF": {
      "file": "chunk-G7AK36MF.js"
    },
    "chunk-5KDQREHF": {
      "file": "chunk-5KDQREHF.js"
    },
    "chunk-5IOQIXFC": {
      "file": "chunk-5IOQIXFC.js"
    },
    "chunk-TJAL4X76": {
      "file": "chunk-TJAL4X76.js"
    },
    "chunk-PBZ35URQ": {
      "file": "chunk-PBZ35URQ.js"
    },
    "chunk-7W655REO": {
      "file": "chunk-7W655REO.js"
    },
    "chunk-CCFREHOP": {
      "file": "chunk-CCFREHOP.js"
    },
    "chunk-MTDEQW5J": {
      "file": "chunk-MTDEQW5J.js"
    },
    "chunk-TES4JXVL": {
      "file": "chunk-TES4JXVL.js"
    },
    "chunk-IUKGO5CI": {
      "file": "chunk-IUKGO5CI.js"
    },
    "chunk-C5KUQ6XX": {
      "file": "chunk-C5KUQ6XX.js"
    },
    "chunk-Z5IWENK5": {
      "file": "chunk-Z5IWENK5.js"
    },
    "chunk-YHCV7DAQ": {
      "file": "chunk-YHCV7DAQ.js"
    }
  }
}